{
    "language": "de",
    "averages": {
        "QE_A_Figurative": 0.9595129243284464,
        "QE_B_Literal": 0.9906984982887904,
        "QE_C_Incorrect": 0.795383107761542
    },
    "win_rates": {
        "A_vs_B": 0.33666666666666667,
        "A_vs_C": 0.8333333333333334,
        "B_vs_C": 0.8833333333333333
    }
}